,날짜,title,questions,answer,title_questions
2,2020-01,전세보증금 못 받고 있어요,계약기간 종료 3개월전 메세지 전달.내용증명 2차례 발송하였으나 반송.현재 계약기간 종료. 아파트 보증금 칠천만원 못 받고 있음. 집주인은 칠천만원 매매로 집을 내놓았고 그돈으로 전세금을 주겠다고 함.현재 이사예정으로 임대차등기명령 신청 후 송달 중임.참고로 집주인은 임대업자이고 깡통전세인것 같은데1. 전세금 안 받고 아파트를 넘겨 받았는데 그 방법이 좋은 건가요?집을 경매로 넘기는 것보다 나은 방법인가요?저는 이 아파트를 사고 싶지 않아서요.외곽에 있고 오래된 아파트라 매매가 안될 것 같아서요2.소송을 생각 중인데 등기완료 후 지급명령 신청을 해야하나요? 소송 순서 좀 알려주세요. 가압류신청도 하는 것 같은데 그런 순서를 알고 싶어서요3. 혹시 집이 경매로 넘어가서 제가 그집을 낙찰받게 되면 제가 돈을 내야 하는게 있나요?얼핏 듣기로 상계처리랑 세금안낸것을 제가 내야 된다는 이야기도 있고 그렇던데요.,"금액이 매우 크시네요.​더 이상을 시간 지체 하지마시고, 소송 하시는걸 추천해드립니다.​요즘 이런 피해사례가 많아 지고 있습니다. ​민/형사상 가능한 모든 방법을 동원해 도와드리고 있습니다.​대형로펌이며, 연락 주시면 친절히 상담 해드리겠습니다.​카톡 : hooni89",전세보증금 못 받고 있어요_계약기간 종료 3개월전 메세지 전달.내용증명 2차례 발송하였으나 반송.현재 계약기간 종료. 아파트 보증금 칠천만원 못 받고 있음. 집주인은 칠천만원 매매로 집을 내놓았고 그돈으로 전세금을 주겠다고 함.현재 이사예정으로 임대차등기명령 신청 후 송달 중임.참고로 집주인은 임대업자이고 깡통전세인것 같은데1. 전세금 안 받고 아파트를 넘겨 받았는데 그 방법이 좋은 건가요?집을 경매로 넘기는 것보다 나은 방법인가요?저는 이 아파트를 사고 싶지 않아서요.외곽에 있고 오래된 아파트라 매매가 안될 것 같아서요2.소송을 생각 중인데 등기완료 후 지급명령 신청을 해야하나요? 소송 순서 좀 알려주세요. 가압류신청도 하는 것 같은데 그런 순서를 알고 싶어서요3. 혹시 집이 경매로 넘어가서 제가 그집을 낙찰받게 되면 제가 돈을 내야 하는게 있나요?얼핏 듣기로 상계처리랑 세금안낸것을 제가 내야 된다는 이야기도 있고 그렇던데요.
3,2020-01,전세보증금 못 받고 있어요,계약기간 종료 3개월전 메세지 전달.내용증명 2차례 발송하였으나 반송.현재 계약기간 종료. 아파트 보증금 칠천만원 못 받고 있음. 집주인은 칠천만원 매매로 집을 내놓았고 그돈으로 전세금을 주겠다고 함.현재 이사예정으로 임대차등기명령 신청 후 송달 중임.참고로 집주인은 임대업자이고 깡통전세인것 같은데1. 전세금 안 받고 아파트를 넘겨 받았는데 그 방법이 좋은 건가요?집을 경매로 넘기는 것보다 나은 방법인가요?저는 이 아파트를 사고 싶지 않아서요.외곽에 있고 오래된 아파트라 매매가 안될 것 같아서요2.소송을 생각 중인데 등기완료 후 지급명령 신청을 해야하나요? 소송 순서 좀 알려주세요. 가압류신청도 하는 것 같은데 그런 순서를 알고 싶어서요3. 혹시 집이 경매로 넘어가서 제가 그집을 낙찰받게 되면 제가 돈을 내야 하는게 있나요?얼핏 듣기로 상계처리랑 세금안낸것을 제가 내야 된다는 이야기도 있고 그렇던데요.,적은 금액이 아니어서 몇달간 마음고생이 많으셨겠습니다지금 진행된 상황이 아파트를 이미 넘겨 받으신건가요?질문주신 세가지 사항은 구체적인 내용을 짚어가며 답변드릴 수 있을 것 같습니다카톡 born2crazy로 문의주시면 바로 도움드리겠습니다,전세보증금 못 받고 있어요_계약기간 종료 3개월전 메세지 전달.내용증명 2차례 발송하였으나 반송.현재 계약기간 종료. 아파트 보증금 칠천만원 못 받고 있음. 집주인은 칠천만원 매매로 집을 내놓았고 그돈으로 전세금을 주겠다고 함.현재 이사예정으로 임대차등기명령 신청 후 송달 중임.참고로 집주인은 임대업자이고 깡통전세인것 같은데1. 전세금 안 받고 아파트를 넘겨 받았는데 그 방법이 좋은 건가요?집을 경매로 넘기는 것보다 나은 방법인가요?저는 이 아파트를 사고 싶지 않아서요.외곽에 있고 오래된 아파트라 매매가 안될 것 같아서요2.소송을 생각 중인데 등기완료 후 지급명령 신청을 해야하나요? 소송 순서 좀 알려주세요. 가압류신청도 하는 것 같은데 그런 순서를 알고 싶어서요3. 혹시 집이 경매로 넘어가서 제가 그집을 낙찰받게 되면 제가 돈을 내야 하는게 있나요?얼핏 듣기로 상계처리랑 세금안낸것을 제가 내야 된다는 이야기도 있고 그렇던데요.
4,2020-01,전세보증금 못 받고 있어요,계약기간 종료 3개월전 메세지 전달.내용증명 2차례 발송하였으나 반송.현재 계약기간 종료. 아파트 보증금 칠천만원 못 받고 있음. 집주인은 칠천만원 매매로 집을 내놓았고 그돈으로 전세금을 주겠다고 함.현재 이사예정으로 임대차등기명령 신청 후 송달 중임.참고로 집주인은 임대업자이고 깡통전세인것 같은데1. 전세금 안 받고 아파트를 넘겨 받았는데 그 방법이 좋은 건가요?집을 경매로 넘기는 것보다 나은 방법인가요?저는 이 아파트를 사고 싶지 않아서요.외곽에 있고 오래된 아파트라 매매가 안될 것 같아서요2.소송을 생각 중인데 등기완료 후 지급명령 신청을 해야하나요? 소송 순서 좀 알려주세요. 가압류신청도 하는 것 같은데 그런 순서를 알고 싶어서요3. 혹시 집이 경매로 넘어가서 제가 그집을 낙찰받게 되면 제가 돈을 내야 하는게 있나요?얼핏 듣기로 상계처리랑 세금안낸것을 제가 내야 된다는 이야기도 있고 그렇던데요.,"​​ 합의가 안되면,민사 보증금반환청구소송을 해야합니다.소제기후 사실조회로 상대방의 인적정보를 알아낼 수 있습니다.소송 제기후에, 법정연이자 12%가 가산되기 시작합니다.​문자 카톡 녹취 증인 입금내역등이 증거가 됩니다.승소후 상대방의 통장이나 자택, 전월세보증금, 급여등에압류나 추심등의 강제집행이 가능하고더 도움이 필요하면 일대일질문주세요.",전세보증금 못 받고 있어요_계약기간 종료 3개월전 메세지 전달.내용증명 2차례 발송하였으나 반송.현재 계약기간 종료. 아파트 보증금 칠천만원 못 받고 있음. 집주인은 칠천만원 매매로 집을 내놓았고 그돈으로 전세금을 주겠다고 함.현재 이사예정으로 임대차등기명령 신청 후 송달 중임.참고로 집주인은 임대업자이고 깡통전세인것 같은데1. 전세금 안 받고 아파트를 넘겨 받았는데 그 방법이 좋은 건가요?집을 경매로 넘기는 것보다 나은 방법인가요?저는 이 아파트를 사고 싶지 않아서요.외곽에 있고 오래된 아파트라 매매가 안될 것 같아서요2.소송을 생각 중인데 등기완료 후 지급명령 신청을 해야하나요? 소송 순서 좀 알려주세요. 가압류신청도 하는 것 같은데 그런 순서를 알고 싶어서요3. 혹시 집이 경매로 넘어가서 제가 그집을 낙찰받게 되면 제가 돈을 내야 하는게 있나요?얼핏 듣기로 상계처리랑 세금안낸것을 제가 내야 된다는 이야기도 있고 그렇던데요.
2492,2020-08,전세보증금,이사를 왔습니다이사올때 등기부등본이 깨끗해서 보증금반환가입을 안하고 금융기금으로 대출받아왔는데요즘 괜히 불안한 마음이듭니다경매들어가면 어쩌나.깡통전세 되면 어쩌나.이제라도 가입하는게 나을까요?,질문에 답변드리겟습니다. 전세보증보험은 비용이 발생하지만 임차인의 입장에서는 가급적 가입하시는 것이 적절합니다. 가입할 수 있는 시기는 임대차계약기간이 2분의 1 이상 남아 있을 때 가입할 수 있고 가입신청을 한다면 보증보험회사 심의에 통과해야 합니다,전세보증금_이사를 왔습니다이사올때 등기부등본이 깨끗해서 보증금반환가입을 안하고 금융기금으로 대출받아왔는데요즘 괜히 불안한 마음이듭니다경매들어가면 어쩌나.깡통전세 되면 어쩌나.이제라도 가입하는게 나을까요?
4101,2021-02,전세보증금,투룸 전세를 구해서 살고 싶어요 그런데 전세 들어가면 전세보증금이 안전할까요 전세금 보장을 어떻게 받을수 있는지요경제가 어려워서 깡통 전세가 많다고 하던데 전세를 불안해서 못 들어가겠어요,"전세금이 보장되려면 집을 담보로 대출 받은 근저당이 없는 집을 이사 들어가야 합니다.근저당이 있다면 시세를 알아봐야 하고, 근저당과 전세금을 합해서 70%는 넘지 않아야 합니다.역세권 집이면 80% 정도까지는 배당을 받을 수는 있을 것입니다.계산을 해봐야만 안전 여부를 알 수 있습니다.",전세보증금_투룸 전세를 구해서 살고 싶어요 그런데 전세 들어가면 전세보증금이 안전할까요 전세금 보장을 어떻게 받을수 있는지요경제가 어려워서 깡통 전세가 많다고 하던데 전세를 불안해서 못 들어가겠어요
4102,2021-02,전세보증금,투룸 전세를 구해서 살고 싶어요 그런데 전세 들어가면 전세보증금이 안전할까요 전세금 보장을 어떻게 받을수 있는지요경제가 어려워서 깡통 전세가 많다고 하던데 전세를 불안해서 못 들어가겠어요,안녕하세요!욕쟁이 바보아저씨-경제-천재 루다지니알렉스알파고 에요!100% 수동 AI 천재 아재 AI ㅋㅋ,전세보증금_투룸 전세를 구해서 살고 싶어요 그런데 전세 들어가면 전세보증금이 안전할까요 전세금 보장을 어떻게 받을수 있는지요경제가 어려워서 깡통 전세가 많다고 하던데 전세를 불안해서 못 들어가겠어요
5619,2021-06,전세보증금,"이번에 청년전세대출 받고 전세로 들어가게되는대요.계약금이 550만원인데 확정일자까지 받은상태인데, 저의 돈은 지켜지나요? 전세보증보험 들어도 혜택받을수 있나요?","안녕하세요 은평구에서 부동산을 운영하는 공인중개사 이소장입니다.​요즘 전세사기가 많으니 가급적 전세금반환보증 가입을 해서 안전하게 거주하시길 바랍니다.전세금반환보증은 모든 집이 가입이 되는것이 아니라 각 보증사의 가입조건에 맞아야 가능합니다.​네이버에 ""high주택 이소장"" 검색하셔서 해당 블로그 공지글에 전세금반환보증에 대한 상세한 포스팅이 있으니 참고하시어 전세금반환보증을 꼭 가입하시길 바랍니다.​답변으로 궁금증이 해소되셨다면 ""채택""은 매너가 아닐까요?^^","전세보증금_이번에 청년전세대출 받고 전세로 들어가게되는대요.계약금이 550만원인데 확정일자까지 받은상태인데, 저의 돈은 지켜지나요? 전세보증보험 들어도 혜택받을수 있나요?"
6214,2021-07,전세보증금,"﻿ 전세보증금 문의합니다.<kb시세> 를 통해 아파트 전세가를 기준으로 그 금액이 넘을경우 전세보증금을 들수 없다고 하는데 궁금해서 문의드립니다.캡쳐 분입니다.기준을 상위평균가 2억2천을를 넘으면 안되는지, 아니면 전세가 2억500을 넘지 않으면 되는지 궁금합니다. 전세 살고 있는데 보증보험들때 이런거 생각안하고 들었는데 들어져서요 ㅠㅠ 혹시 못받을까봐 걱정됩니다.전세를 가입하기전에 전세보증이 되는지 확인하고 전세계약을 해야하는건가요?﻿",<답변없음>,"전세보증금_﻿ 전세보증금 문의합니다.<kb시세> 를 통해 아파트 전세가를 기준으로 그 금액이 넘을경우 전세보증금을 들수 없다고 하는데 궁금해서 문의드립니다.캡쳐 분입니다.기준을 상위평균가 2억2천을를 넘으면 안되는지, 아니면 전세가 2억500을 넘지 않으면 되는지 궁금합니다. 전세 살고 있는데 보증보험들때 이런거 생각안하고 들었는데 들어져서요 ㅠㅠ 혹시 못받을까봐 걱정됩니다.전세를 가입하기전에 전세보증이 되는지 확인하고 전세계약을 해야하는건가요?﻿"
6530,2021-08,전세 보증금 돌려받기,2019년 2월 원룸 전세 1년 계약(보증금 5천만원) 후 묵시적 연장으로 지금까지 거주중입니다. 당시 등기부등본상 채권 2억8천8백만원 있었던 상태입니다.10월에 이사 가려고 집주인에게 6월에 방 빼달라는 의사를 밝혔고 집주인은 새로운 임차인을 못 구하면 보증금을 줄 수 없다고 합니다.제가 열심히 방을 내놔서 계약 직전까지 갔다가 파기되는 경우가 수 차례 있어서 아무래도 이상하다는 생각에 등기부등본을 떼어보니 채권이 5억3천으로 늘었네요.깡통전세 건물이 된 겁니다.부동산 여러 곳에 방 빼달라고 어필해도 깡통전세니까 소개 자체도 해주는 모양이에요..전세보증금을 꼭 받아야하는데 어떻게 하면 될지 도움 부탁드립니다..,"안녕하세요. 서울지방변호사회-네이버 지식iN 상담 변호사 이성찬 입니다.​저도 예전에 전세보증금을 제떄 반환받지 못한적이 있어 그 심정 충분히 이해합니다.특히 요즘처럼 코로나로 인해 경기가 어려운 경우 더 불안하실 텐데요 전세세입자분의 마음을 생각하며 답변드리오니 도움 되시길 바랍니다.​일단 질문자분의 계약이 언제 종료되는 것인지 확인해야합니다.전세계약은 계약갱신거절 또는 해지통보가 법이 정한 기간내에 이루어져야만 계약기간이 종료됩니다.​현재 질문자분의 글로써는 갱신거절이나 해지사실에 대한 정보를 파악할수 없습니다.계약종료일로 정한 날로부터 6개월에서 1개월 전(또는 2개월)까지 해지통보를 하셨는지 체크해보는것이 필요합니다.​질문자님의 계약이 종료된 것으로 확인이 되면 신속하게 전세보증금반환소송을 제기하시는 것이 좋습니다.집주인이 전세보증금을 돌려주지 않는것은 아무런 법적 근거가 없습니다.특히나 질문자의 경우처럼 깡통전세라는 것은 후속 세입자가 들어올 가능성이 없다는 말과 같습니다.​전세계약이 끝났을 경우, 다음 세입자가 구해지는 여부와 상관 없이 세입자에게 전세보증금금반환 진행해야하고,세입자는 집주인에게 집을 돌려줘야 합니다.​법적인 의무가 이렇게 존재 함에도 불구하고, 집주인으로 부터 전세보증금반환의 임의이행을 기대하기 어렵다면,질문자가 말하는 것처럼 반드시 전세보증금반환소송을 진행해야합니다.계약이 종료된 직후 전세보증금반환소송을 진행할수 있는데요.​전세보증금반환소송을 진행하게 될 경우 변호사선임비용과 인지대, 송달료 등이 발생하게 되고 구체적인 비용에 대해서는 변호사와의 상담을 통해 알아보셔야 합니다.​전세보증금반환소송 기간은 사건마다 다르기지만, 통상적으로 6개월 이내에 판결이 나오며, 오래간다면 8개월 에서 12개월 이 소요됩니다. ​하지만 대부분이 소송이 시작되면, 소송비용, 지연이자가 부담스럽기 때문에 집주인은 어떻게든 돈을 구해서 1~2개월 이내에 전세보증금을 돌려주는것이 일반적입니다.​전세보증금반환소송과 관련하여 상담을 원하시면 아래의 전화번호로 연락주시기 바랍니다. 감사합니다.",전세 보증금 돌려받기_2019년 2월 원룸 전세 1년 계약(보증금 5천만원) 후 묵시적 연장으로 지금까지 거주중입니다. 당시 등기부등본상 채권 2억8천8백만원 있었던 상태입니다.10월에 이사 가려고 집주인에게 6월에 방 빼달라는 의사를 밝혔고 집주인은 새로운 임차인을 못 구하면 보증금을 줄 수 없다고 합니다.제가 열심히 방을 내놔서 계약 직전까지 갔다가 파기되는 경우가 수 차례 있어서 아무래도 이상하다는 생각에 등기부등본을 떼어보니 채권이 5억3천으로 늘었네요.깡통전세 건물이 된 겁니다.부동산 여러 곳에 방 빼달라고 어필해도 깡통전세니까 소개 자체도 해주는 모양이에요..전세보증금을 꼭 받아야하는데 어떻게 하면 될지 도움 부탁드립니다..
7187,2021-10,전세 보증금 못 받게 될까요?,전세 들어갈 때 근저당 없고 확정일자까지 받은 상황에서 전세금을 못 돌려받게 되는 경우는 어떻게 일이 잘못됐을때 인가요?근저당이 있다면 주인이 돈을 못 갚아서 임차인이 돈을 못 받게 되는 문제가 생기지만근저당이 없는 경우는 잘못될 수 있는 예시가 없지 않나 싶어서요괜찮겠지 싶어 보증보험 가입 안했는데 지금은 가입할 수 있는 기간이 지났어요 좀 걱정이 되어 여쭤봅니다,"근저당없이 선순위로 전입신고와확정일자를받았다면,경매가된다해도 절대안전합니다.전세보증금을못받을일은없습니다",전세 보증금 못 받게 될까요?_전세 들어갈 때 근저당 없고 확정일자까지 받은 상황에서 전세금을 못 돌려받게 되는 경우는 어떻게 일이 잘못됐을때 인가요?근저당이 있다면 주인이 돈을 못 갚아서 임차인이 돈을 못 받게 되는 문제가 생기지만근저당이 없는 경우는 잘못될 수 있는 예시가 없지 않나 싶어서요괜찮겠지 싶어 보증보험 가입 안했는데 지금은 가입할 수 있는 기간이 지났어요 좀 걱정이 되어 여쭤봅니다
7188,2021-10,전세 보증금 못 받게 될까요?,전세 들어갈 때 근저당 없고 확정일자까지 받은 상황에서 전세금을 못 돌려받게 되는 경우는 어떻게 일이 잘못됐을때 인가요?근저당이 있다면 주인이 돈을 못 갚아서 임차인이 돈을 못 받게 되는 문제가 생기지만근저당이 없는 경우는 잘못될 수 있는 예시가 없지 않나 싶어서요괜찮겠지 싶어 보증보험 가입 안했는데 지금은 가입할 수 있는 기간이 지났어요 좀 걱정이 되어 여쭤봅니다,저당잡힌 건이없음 딱히 보증금 떼일 염려는 없습니다.​,전세 보증금 못 받게 될까요?_전세 들어갈 때 근저당 없고 확정일자까지 받은 상황에서 전세금을 못 돌려받게 되는 경우는 어떻게 일이 잘못됐을때 인가요?근저당이 있다면 주인이 돈을 못 갚아서 임차인이 돈을 못 받게 되는 문제가 생기지만근저당이 없는 경우는 잘못될 수 있는 예시가 없지 않나 싶어서요괜찮겠지 싶어 보증보험 가입 안했는데 지금은 가입할 수 있는 기간이 지났어요 좀 걱정이 되어 여쭤봅니다
7189,2021-10,전세 보증금 못 받게 될까요?,전세 들어갈 때 근저당 없고 확정일자까지 받은 상황에서 전세금을 못 돌려받게 되는 경우는 어떻게 일이 잘못됐을때 인가요?근저당이 있다면 주인이 돈을 못 갚아서 임차인이 돈을 못 받게 되는 문제가 생기지만근저당이 없는 경우는 잘못될 수 있는 예시가 없지 않나 싶어서요괜찮겠지 싶어 보증보험 가입 안했는데 지금은 가입할 수 있는 기간이 지났어요 좀 걱정이 되어 여쭤봅니다,<답변없음>,전세 보증금 못 받게 될까요?_전세 들어갈 때 근저당 없고 확정일자까지 받은 상황에서 전세금을 못 돌려받게 되는 경우는 어떻게 일이 잘못됐을때 인가요?근저당이 있다면 주인이 돈을 못 갚아서 임차인이 돈을 못 받게 되는 문제가 생기지만근저당이 없는 경우는 잘못될 수 있는 예시가 없지 않나 싶어서요괜찮겠지 싶어 보증보험 가입 안했는데 지금은 가입할 수 있는 기간이 지났어요 좀 걱정이 되어 여쭤봅니다
9438,2022-03,전세보증금을 못돌려받고있어요,전세보증금을 못돌려받고 있는데 전입신고와 확정일자는 유지하고 있습니다.근데 제가 법에 대해서는 잘몰라서 내용증명이랑 임차권등기를 신청하고 싶은데가까운 아무 변호사사무실에 가서 비용을 지불하고 도와달라고 하면 되나요?소송은 안하고 저 두가지만 도움을 받을 경우에는 비용이 얼마정도 드나요?,내용증명은 그냥 인터넷에서 작성하라는대로 작성하세요. 굳이 변호사한테까지 갈 필요 없습니다.​내용증명 지불하시고 3개월 지나시면 임차권등기 하시면 됩니다.,전세보증금을 못돌려받고있어요_전세보증금을 못돌려받고 있는데 전입신고와 확정일자는 유지하고 있습니다.근데 제가 법에 대해서는 잘몰라서 내용증명이랑 임차권등기를 신청하고 싶은데가까운 아무 변호사사무실에 가서 비용을 지불하고 도와달라고 하면 되나요?소송은 안하고 저 두가지만 도움을 받을 경우에는 비용이 얼마정도 드나요?
9439,2022-03,전세보증금을 못돌려받고있어요,전세보증금을 못돌려받고 있는데 전입신고와 확정일자는 유지하고 있습니다.근데 제가 법에 대해서는 잘몰라서 내용증명이랑 임차권등기를 신청하고 싶은데가까운 아무 변호사사무실에 가서 비용을 지불하고 도와달라고 하면 되나요?소송은 안하고 저 두가지만 도움을 받을 경우에는 비용이 얼마정도 드나요?,변호사 이용하시면 5~10만원이면 이용 가능합니다.서류가 간단합니다.,전세보증금을 못돌려받고있어요_전세보증금을 못돌려받고 있는데 전입신고와 확정일자는 유지하고 있습니다.근데 제가 법에 대해서는 잘몰라서 내용증명이랑 임차권등기를 신청하고 싶은데가까운 아무 변호사사무실에 가서 비용을 지불하고 도와달라고 하면 되나요?소송은 안하고 저 두가지만 도움을 받을 경우에는 비용이 얼마정도 드나요?
9440,2022-03,전세보증금을 못돌려받고있어요,전세보증금을 못돌려받고 있는데 전입신고와 확정일자는 유지하고 있습니다.근데 제가 법에 대해서는 잘몰라서 내용증명이랑 임차권등기를 신청하고 싶은데가까운 아무 변호사사무실에 가서 비용을 지불하고 도와달라고 하면 되나요?소송은 안하고 저 두가지만 도움을 받을 경우에는 비용이 얼마정도 드나요?,<답변없음>,전세보증금을 못돌려받고있어요_전세보증금을 못돌려받고 있는데 전입신고와 확정일자는 유지하고 있습니다.근데 제가 법에 대해서는 잘몰라서 내용증명이랑 임차권등기를 신청하고 싶은데가까운 아무 변호사사무실에 가서 비용을 지불하고 도와달라고 하면 되나요?소송은 안하고 저 두가지만 도움을 받을 경우에는 비용이 얼마정도 드나요?
9441,2022-03,전세보증금을 못돌려받고있어요,전세보증금을 못돌려받고 있는데 전입신고와 확정일자는 유지하고 있습니다.근데 제가 법에 대해서는 잘몰라서 내용증명이랑 임차권등기를 신청하고 싶은데가까운 아무 변호사사무실에 가서 비용을 지불하고 도와달라고 하면 되나요?소송은 안하고 저 두가지만 도움을 받을 경우에는 비용이 얼마정도 드나요?,"안녕하세요 질문자님.​​임대차계약이 종료되었는데 집주인이 보증금을 돌려주지 않는다면 '내용증명'을 보내임대차계약 종료를 통보하고 보증금 반환을 요청하실 수 있습니다.​'내용증명'이란 상대방에게 하고 싶은 말을 육하원칙에 맞추어 적어 보내는 편지라고 생각하시면 쉽습니다.그럴 일은 없겠지만 불미스러운 법률 분쟁이 생기게 된다면 추후 법적인 절차에서 증거로도 쓰일 수 있습니다.​​​​내용증명의 힘에선 내용증명을 쉽고 간편하게 무료로 작성하실 수 있고,우체국에 직접 가지 않아도 되는 접수 대행 서비스를 제공하고 있으니 편리하게 보내보실 수 있습니다.",전세보증금을 못돌려받고있어요_전세보증금을 못돌려받고 있는데 전입신고와 확정일자는 유지하고 있습니다.근데 제가 법에 대해서는 잘몰라서 내용증명이랑 임차권등기를 신청하고 싶은데가까운 아무 변호사사무실에 가서 비용을 지불하고 도와달라고 하면 되나요?소송은 안하고 저 두가지만 도움을 받을 경우에는 비용이 얼마정도 드나요?
9751,2022-03,전세보증금 안돌려주면?,안녕하세요 한가지 질문이 있어서요 뉴스 보니 전세보증금을 받지 못하여 이사를 못가는 세입자가 있더라구요저같으면 이사가지 않고 계속 돈받을때까지 그 집에 계속 있어도 되지 않을까요?  전세금 받은 후에 이사가도 되지 않을까요?전세보증금을 받을때까지 이사가지 않고 눌러 살아도 되는거 아닌가요? 전세가 아닌 자가처럼 말이죠,맞습니다.그렇게 버티실수 있습니다.뉴스에 나오는경우는 다른집을 계약했거나 이사를 가야하는 상황인경우가 대부분입니다.,전세보증금 안돌려주면?_안녕하세요 한가지 질문이 있어서요 뉴스 보니 전세보증금을 받지 못하여 이사를 못가는 세입자가 있더라구요저같으면 이사가지 않고 계속 돈받을때까지 그 집에 계속 있어도 되지 않을까요?  전세금 받은 후에 이사가도 되지 않을까요?전세보증금을 받을때까지 이사가지 않고 눌러 살아도 되는거 아닌가요? 전세가 아닌 자가처럼 말이죠
9752,2022-03,전세보증금 안돌려주면?,안녕하세요 한가지 질문이 있어서요 뉴스 보니 전세보증금을 받지 못하여 이사를 못가는 세입자가 있더라구요저같으면 이사가지 않고 계속 돈받을때까지 그 집에 계속 있어도 되지 않을까요?  전세금 받은 후에 이사가도 되지 않을까요?전세보증금을 받을때까지 이사가지 않고 눌러 살아도 되는거 아닌가요? 전세가 아닌 자가처럼 말이죠,"저같으면 이사가지 않고 계속 돈받을때까지 그 집에 계속 있어도 되지 않을까요?  ​전세금 받은 후에 이사가도 되지 않을까요?​전세보증금을 받을때까지 이사가지 않고 눌러 살아도 되는거 아닌가요? 전세가 아닌 자가처럼 말이죠​​==> 당연히 그렇게 해야죠.근데, 사람 일이라는게 직장, 가정사등등 여러 일때문에 반드시 옮겨야 하는 상황이라던가, 집주인과의 마찰 혹은 층간소음 등등 여러가지 사유로 꼭 옮기고 싶은데 돈을 안빼주면 못나가는거잖아요.그런 상황이 정말 짜증나는거죠. 돈 안주면 작성자님말처럼 줄 때까지 계속 살면 되죠.",전세보증금 안돌려주면?_안녕하세요 한가지 질문이 있어서요 뉴스 보니 전세보증금을 받지 못하여 이사를 못가는 세입자가 있더라구요저같으면 이사가지 않고 계속 돈받을때까지 그 집에 계속 있어도 되지 않을까요?  전세금 받은 후에 이사가도 되지 않을까요?전세보증금을 받을때까지 이사가지 않고 눌러 살아도 되는거 아닌가요? 전세가 아닌 자가처럼 말이죠
9753,2022-03,전세보증금 안돌려주면?,안녕하세요 한가지 질문이 있어서요 뉴스 보니 전세보증금을 받지 못하여 이사를 못가는 세입자가 있더라구요저같으면 이사가지 않고 계속 돈받을때까지 그 집에 계속 있어도 되지 않을까요?  전세금 받은 후에 이사가도 되지 않을까요?전세보증금을 받을때까지 이사가지 않고 눌러 살아도 되는거 아닌가요? 전세가 아닌 자가처럼 말이죠,전세 만기후 임대인이 보증금을 안 돌려주면 계속 거주 가능하고 퇴거전에 임차권등기를 해야  보증금을 보호받습니다,전세보증금 안돌려주면?_안녕하세요 한가지 질문이 있어서요 뉴스 보니 전세보증금을 받지 못하여 이사를 못가는 세입자가 있더라구요저같으면 이사가지 않고 계속 돈받을때까지 그 집에 계속 있어도 되지 않을까요?  전세금 받은 후에 이사가도 되지 않을까요?전세보증금을 받을때까지 이사가지 않고 눌러 살아도 되는거 아닌가요? 전세가 아닌 자가처럼 말이죠
9754,2022-03,전세보증금 안돌려주면?,안녕하세요 한가지 질문이 있어서요 뉴스 보니 전세보증금을 받지 못하여 이사를 못가는 세입자가 있더라구요저같으면 이사가지 않고 계속 돈받을때까지 그 집에 계속 있어도 되지 않을까요?  전세금 받은 후에 이사가도 되지 않을까요?전세보증금을 받을때까지 이사가지 않고 눌러 살아도 되는거 아닌가요? 전세가 아닌 자가처럼 말이죠,<답변없음>,전세보증금 안돌려주면?_안녕하세요 한가지 질문이 있어서요 뉴스 보니 전세보증금을 받지 못하여 이사를 못가는 세입자가 있더라구요저같으면 이사가지 않고 계속 돈받을때까지 그 집에 계속 있어도 되지 않을까요?  전세금 받은 후에 이사가도 되지 않을까요?전세보증금을 받을때까지 이사가지 않고 눌러 살아도 되는거 아닌가요? 전세가 아닌 자가처럼 말이죠
10868,2022-03,전세보증금,시세14억저는 3순위 보증금8500만1순위 8500만2순위 8500만있습니다투룸 4 주인1 미투5 원룸3 있구요 실제근저당6억제 보증금은 안전할까요?,<답변없음>,전세보증금_시세14억저는 3순위 보증금8500만1순위 8500만2순위 8500만있습니다투룸 4 주인1 미투5 원룸3 있구요 실제근저당6억제 보증금은 안전할까요?
10869,2022-03,전세보증금,시세14억저는 3순위 보증금8500만1순위 8500만2순위 8500만있습니다투룸 4 주인1 미투5 원룸3 있구요 실제근저당6억제 보증금은 안전할까요?,질문에 답변드리겠습니다. 상기 질문요지를 고려할 때 안전하다고 할 수는 있지만 실거래가격이 적절한지 등 종합적으로 판단해야 하는 사항입니다.,전세보증금_시세14억저는 3순위 보증금8500만1순위 8500만2순위 8500만있습니다투룸 4 주인1 미투5 원룸3 있구요 실제근저당6억제 보증금은 안전할까요?
14524,2022-05,전세보증금,전세로 산지 이제 5년째인데 집을 빼고싶었는데 건물이 불법건축물이고 근저당도 많이 잡혀잇고 해서 새로 새입자가 안들어오고 있어서 계속 살고 있거든요 집주인은 새로 바꼇구 지금 주인은 집 공매로 내놨으니까 나가면 보증금 주겍다구 하구있구요 저희 집 게단쪽에 비가 너무 새구 너무 관리를 안해줘서 한 일년치 공과금을 안내구있엇어요 비새는거 고쳐주면 내겟다구 햇고든요 요번에 얇은 나무판자 몇개 부쳐놓쿠 고쳤다구 공과금을 내라구 하는데 공과금 게속 안내두 될가요? 전기요금 안내면 전기 끊겟다구 하는데 …집은 빼겟다구 미리 얘기햇구 보증금에서 공과금 까라구 할수있나요? 교회건물이구 집두 너무 오래된집이라 집이 나갈것같지도 않아요 아시는분 게시면 답변 부탁드립니다 감사합니다,<답변없음>,전세보증금_전세로 산지 이제 5년째인데 집을 빼고싶었는데 건물이 불법건축물이고 근저당도 많이 잡혀잇고 해서 새로 새입자가 안들어오고 있어서 계속 살고 있거든요 집주인은 새로 바꼇구 지금 주인은 집 공매로 내놨으니까 나가면 보증금 주겍다구 하구있구요 저희 집 게단쪽에 비가 너무 새구 너무 관리를 안해줘서 한 일년치 공과금을 안내구있엇어요 비새는거 고쳐주면 내겟다구 햇고든요 요번에 얇은 나무판자 몇개 부쳐놓쿠 고쳤다구 공과금을 내라구 하는데 공과금 게속 안내두 될가요? 전기요금 안내면 전기 끊겟다구 하는데 …집은 빼겟다구 미리 얘기햇구 보증금에서 공과금 까라구 할수있나요? 교회건물이구 집두 너무 오래된집이라 집이 나갈것같지도 않아요 아시는분 게시면 답변 부탁드립니다 감사합니다
14525,2022-05,전세보증금,전세로 산지 이제 5년째인데 집을 빼고싶었는데 건물이 불법건축물이고 근저당도 많이 잡혀잇고 해서 새로 새입자가 안들어오고 있어서 계속 살고 있거든요 집주인은 새로 바꼇구 지금 주인은 집 공매로 내놨으니까 나가면 보증금 주겍다구 하구있구요 저희 집 게단쪽에 비가 너무 새구 너무 관리를 안해줘서 한 일년치 공과금을 안내구있엇어요 비새는거 고쳐주면 내겟다구 햇고든요 요번에 얇은 나무판자 몇개 부쳐놓쿠 고쳤다구 공과금을 내라구 하는데 공과금 게속 안내두 될가요? 전기요금 안내면 전기 끊겟다구 하는데 …집은 빼겟다구 미리 얘기햇구 보증금에서 공과금 까라구 할수있나요? 교회건물이구 집두 너무 오래된집이라 집이 나갈것같지도 않아요 아시는분 게시면 답변 부탁드립니다 감사합니다,"안녕하세요 질문자님.​​계속되는 수리 거부로 인해 임대차목적에 달성하지 못했을시에는'내용증명'을 보내 계약해지를 통보하시면 됩니다​'내용증명'이란 상대방에게 하고 싶은 말을 육하원칙에 맞추어 적어 보내는 편지라고 생각하시면 쉽습니다.그럴 일은 없겠지만 혹시라도 불미스러운 분쟁이 생기게 된다면 소송에서 증거로도 쓰일 수 있습니다.​​내용증명의 힘에선 내용증명을 쉽고 간편하게 무료로 작성하실 수 있고,우체국에 직접 가지 않아도 되는 접수 대행 서비스를 제공하고 있으니 편리하게 보내보실 수 있습니다.",전세보증금_전세로 산지 이제 5년째인데 집을 빼고싶었는데 건물이 불법건축물이고 근저당도 많이 잡혀잇고 해서 새로 새입자가 안들어오고 있어서 계속 살고 있거든요 집주인은 새로 바꼇구 지금 주인은 집 공매로 내놨으니까 나가면 보증금 주겍다구 하구있구요 저희 집 게단쪽에 비가 너무 새구 너무 관리를 안해줘서 한 일년치 공과금을 안내구있엇어요 비새는거 고쳐주면 내겟다구 햇고든요 요번에 얇은 나무판자 몇개 부쳐놓쿠 고쳤다구 공과금을 내라구 하는데 공과금 게속 안내두 될가요? 전기요금 안내면 전기 끊겟다구 하는데 …집은 빼겟다구 미리 얘기햇구 보증금에서 공과금 까라구 할수있나요? 교회건물이구 집두 너무 오래된집이라 집이 나갈것같지도 않아요 아시는분 게시면 답변 부탁드립니다 감사합니다
16549,2022-06,전세 보증금,안녕하세요ᆢ저는 딸명의로 대출받아서 전세로 입주한 엄마입니다.이사예정일 보다 넉넉하게 계약을 해서 확정일도 미리 받아놓고 이사하는날 전입신고도 완료 했습니다.근데 우연하게 집주인이 바뀌었다는 사실을 알게 되었는데 알고 보니 저희가 이사하는날 서류상 임대인이 변경된 사실입니다ᆢ그래서 전화로 변경되는 정도는 고지해야되지 않냐고 했더니 새주인이 전화 할꺼라는 얘기만 하고 승계를 했다고 ~여러번 해봤는데 전혀 별일 없을꺼라고 이런식으로 깡통전세 같은 걸 전문으로 하는것 처럼 느껴졌습니다ᆢ새로운 집주인은 20대 어린 남자로 전세금을 내어줄 능력이 되는지 걱정도 되고 해서 고민끝에 이사하겠다고 부동산에 집내겠다고 했더니 그러라고 하는데 집은 시간이 지나도 세입자를 구하지못하고 불안하고 걱정됩니다ᆢ아직도 계약기간은 1년정도가 남았지만 어떤 방법으로 대처해야될지 좋은 조언 부탁합니다ᆢ,1.임차인의 동의없시 매매를 하였스면 임차인은 계약기간에 전임대인을 상대로 계약을 해지할수 있습니다.2.신분증지참.계약서.등기사항 전부증명서를 발급받아 대한법률구조공단(전화 132번)에서 대면상담을     받고 법률구조를 받을수도 있습니다.,전세 보증금_안녕하세요ᆢ저는 딸명의로 대출받아서 전세로 입주한 엄마입니다.이사예정일 보다 넉넉하게 계약을 해서 확정일도 미리 받아놓고 이사하는날 전입신고도 완료 했습니다.근데 우연하게 집주인이 바뀌었다는 사실을 알게 되었는데 알고 보니 저희가 이사하는날 서류상 임대인이 변경된 사실입니다ᆢ그래서 전화로 변경되는 정도는 고지해야되지 않냐고 했더니 새주인이 전화 할꺼라는 얘기만 하고 승계를 했다고 ~여러번 해봤는데 전혀 별일 없을꺼라고 이런식으로 깡통전세 같은 걸 전문으로 하는것 처럼 느껴졌습니다ᆢ새로운 집주인은 20대 어린 남자로 전세금을 내어줄 능력이 되는지 걱정도 되고 해서 고민끝에 이사하겠다고 부동산에 집내겠다고 했더니 그러라고 하는데 집은 시간이 지나도 세입자를 구하지못하고 불안하고 걱정됩니다ᆢ아직도 계약기간은 1년정도가 남았지만 어떤 방법으로 대처해야될지 좋은 조언 부탁합니다ᆢ
17539,2022-08,전세 보증금대해서,"전세보증금대해서 질문드립니디ㅡ.요즘 집값이 떨어지고 있죠.그래서 전세와매매 차이가 얼마안나네요.현제 전세를 알아보고있어요.근데 깡통전세니.전세금날리까봐 걱정입니다지금매매는 좀그렇고.그래서 질문드립니다.이삿날 확정일자정하고,전입신고하고.전세보증보험가입되는집,근정당없고.융자없고. 대출도없고.이런집만 선택하면 괜찮을까요?만약 집주인 돈없다고 전세금 없다고하거나.만약집이 경매로 넘어가면.보험사에서 전세금 백프로 주나요?","답변​이런경우를 대비해서 정부에서는 공사상품 주택도시보증공사HUG 안심전세대출을 만든겁니다.미래에 주택가격하락 임대인불량 등 이런 위험요소가 발생했을시, 임차인들이 보호받을 수 있는보증상품을 만든것이죠. 그게바로 안심전세대출 입니다 (보증기관 HUG)즉, 본인이 전세집구하고 그집에 들어갈때 안심전세대출을 받게되면 가입과 동시에 전세보증금 전체금액에대한안심반환보증이 가입됩니다.가입후 입주하게 된다면 걱정 1%도 안해도 됩니다.집과 계약한다는 개념이 아닌, HUG 권리보험사와 계약을 한것이므로 집이 어찌되던전세보증금 전액 100% 보호받습니다.돈워리~​추가 궁금사항은 1.1문의 또는 댓글주세요~","전세 보증금대해서_전세보증금대해서 질문드립니디ㅡ.요즘 집값이 떨어지고 있죠.그래서 전세와매매 차이가 얼마안나네요.현제 전세를 알아보고있어요.근데 깡통전세니.전세금날리까봐 걱정입니다지금매매는 좀그렇고.그래서 질문드립니다.이삿날 확정일자정하고,전입신고하고.전세보증보험가입되는집,근정당없고.융자없고. 대출도없고.이런집만 선택하면 괜찮을까요?만약 집주인 돈없다고 전세금 없다고하거나.만약집이 경매로 넘어가면.보험사에서 전세금 백프로 주나요?"
17711,2022-09,전세보증금,"전세대출금리가 높아서, , 현재있는 현금으로 대출 안받고 전세를 알아보는게 나은지,,  아님 월세로 가는게 나은지,, 아님 전세대출 받을수 있는 만큼 받고  현금을 굴리는게 나은지,,전세전액을 보증금으로 넣을시 위험한 것은 아닌지,, 걱정이 되구요,,",안녕하세요 돈연톰입니다​전세대출금리가 높아서 상당히 고민 되시겠어요​현재는 월세가 임차인들에게 유리한 시장이라고 보시면 됩니다요즘 집주인들이 전세로 돌려달라고 오히려 많이 요청 중이구요​혹시 전세를 구하실경우 반드시 전세보증금반환 보험 가입을 하셔야 하구요(깡통전세들이 많아서요)​반드시 매매 시세(kb부동산 시세) - (등기부등본상에 근저당설정금액+임대보증금) 이 어느정도 인지 살펴야 하구요​아파트는 시세의 80% 수준 빌라의 경우 60%수준으로 계산하시면 됩니다​도움 되셨으면 채택부탁드립니다,"전세보증금_전세대출금리가 높아서, , 현재있는 현금으로 대출 안받고 전세를 알아보는게 나은지,,  아님 월세로 가는게 나은지,, 아님 전세대출 받을수 있는 만큼 받고  현금을 굴리는게 나은지,,전세전액을 보증금으로 넣을시 위험한 것은 아닌지,, 걱정이 되구요,,"
17857,2022-09,전세 보증금을 안돌려준답니다..,"안녕하세요. 제가 원룸에 살고있는데 곧 결혼해서 미리 아파트에 들어가려고 지금 사는 전세집을 빼려고합니다.6월19일/6월22일에 10월에 만기이니 방 뺀다 두차례 카톡,문자로 연락 드렸는데 답장이 없으셨어요.그래서 전화 드렸는데 알겠다 하셨고 당연히 방 내놓은 줄 알았습니다.근데 10월이 돼도 집 보러오는 사람이 없어 집 주인께 전화했더니 새로운 세입자가 들어오기전까진 돈을 돌려주지 못한다고 하시는겁니다.그러면서 본인 할 말만 하시고 아무 말씀 안하시고 그렇게 하루를 전화와 문자 모든 연락을 안받으셨어요.그래서 다음 날 집 근처 아무 부동산이나 가서 조언을 구하는 과정에 같은 건물에 집주인 명의로 된 호수가 있다는걸 알고 그 분께 찾아서 사정을 구하고 집주인분과 연락을 닿았습니다. 집주인 분의 말은 새로운 세입자가 구해져야 보증금을 돌려주겠다.새로운 세입자가 안들어와도 1월15일인 돌려주겠다.하..무슨 말같지도 않은..그래서 저희가 부동산에 집을 내놓겠다 얼마에 내놔야하냐 하니 2억3천이라는 터무니 없는 금액을 말씀하시는거에요저는 1억8천 25에 들어왔는데.. 그렇게 결국 2억20으로 말을 끝내고 부동산 여러군데에 내놓은 결과 연락은 오는데이 집이 근저당이 1억8천이 있고 요즘 깡통전세 말도 많이 나오고 절대 안구해질거같습니다..저는 지금 신혼집으로 들어갈 아파트를 이 집 들어올때 버팀목을 받아 연장시켜서 계약시켜놓은 상태이고이 집은 나가야하고..10월5일 이사 날짜는 다가오고 보증보험은 제가 이사 할 때 의무가 아니여서 들어있지도 않고 확인을 잘 안한 제 잘못이 너무 크네요..이사하고 전입신고도 해야하는데 집주인은 배째라고 하고근저당이 껴있어서 부동산들도 집 안나갈거같다고 하고전세금도 안내려주고..계약서엔 계약이 끝나거나 해지 또는 해지돼어 임차인이 인대사업자에게 주택은 명도함과 동시에 반환 한다는 조항도 있는데 이 조항은 법적 효력이 없나봅니다..  내용증명 보내고 임차권명령신청하고 전입신고 해야하는 방법 밖엔 없는건가요..?집주인 말만 믿고 1월15일까지 기다려야하나요?..혹시 1월이 됐는데도 돈을 안돌려줄수도 있는거겠죠?..","안녕하세요. 서울지방변호사회 - 네이버 지식iN 상담변호사 박영생 변호사 입니다. ​​현재 상황에 가능한 법률상 조치로는 임대인을 상대로 보증금반환청구소송(또는 지급명령)을 제기하여야  할 것으로 보이고, 임대차기간 만료 이후에는 미지급 보증금에 대한 지연이자, 손해배상 또한 청구가 가능할 수 있습니다. 더욱이 위 기재된 것과 같이 신규임차인을 구하는 것이 매우 어렵다 판단된다면 가능한 신속하게 진행하여야 할 것으로 판단됩니다. ​임대차가 종료되면 임대인은 임차인에게 보증금의 반환의무를 부담하고 임차인은 임대인에게 임대차부동산의 반환의무를 부담하게 되며, 위 양 의무는 동시이행으로 이루어져야 합니다. 종종 임대인이 보통 '새로운 세입자가 들어오면 보증금을 반환하여 주겠다'거나 '현재 돈이 없으니 곧 마련하여 주겠다'는 식으로 말들을 하는 경우가 많이 있는데, 이는 임대인의 개인적인 사정에 불과할 뿐이고 법률상 정당한 보증금 반환의무의 이행거절사유가 되지 않으며 해당 사안도 별반 다르지않은 것으로 보입니다. ​이런 상황에서는 현실적으로 최대한 가능한 방법으로 임대인을 압박할 수 밖에 없습니다. ​한편 임대차보증금반환청구와 임차권등기 또는 서로 별개의 법률상 조치로써 보증금반환청구의 소송을 제기함에 있어 선행적으로 임차권등기가 이루어져야 하는 것은 아닙니다. 임차권등기는 주택임대차보호법상 대항력, 우선변제권의 보호를 위한 조치라고 할 수 있는데 이를 위해서는 주택의 인도(점유) 및 전입신고 유지가 필요하니 유의하여야 합니다. ​​​임대차보증금에 대한 지연이자를 청구하시기 위해서는 앞서 기재한 임대차목적물의 반환의무를 이행하여야 하며, 임대차종료일 또는 임대차목적물 반환일 이후 미지급된 보증금에 대한 법정지연이자(연5% 또는 연12%)도 청구가 가능합니다. ​정리하면 보증금반환청구소송과 임차권등기는 서로 별개의 수단 내지 조치이고 현재 임차권등기는 어렵다고 판단되므로 신속히 보증금반환청구소송을 제기하는 것이 바람직해보입니다. ​보다 구체적인 판단을 위해서는 임대차계약서 기타 관련 정황에 대한 확인이 필요합니다. 필요시 관련 자료를 종합 · 정리하여 변호사와 직접 상담을 하여 보시기 바랍니다.기타 궁금한 점에 대해서는 별도 문의주시기 바랍니다. ​----------------------------------------------------지식iN 답변만으로는 상세한 답변은 드리기 어려운 부분이 있습니다만, 작으나마 도움이 되었기를 바랍니다.","전세 보증금을 안돌려준답니다.._안녕하세요. 제가 원룸에 살고있는데 곧 결혼해서 미리 아파트에 들어가려고 지금 사는 전세집을 빼려고합니다.6월19일/6월22일에 10월에 만기이니 방 뺀다 두차례 카톡,문자로 연락 드렸는데 답장이 없으셨어요.그래서 전화 드렸는데 알겠다 하셨고 당연히 방 내놓은 줄 알았습니다.근데 10월이 돼도 집 보러오는 사람이 없어 집 주인께 전화했더니 새로운 세입자가 들어오기전까진 돈을 돌려주지 못한다고 하시는겁니다.그러면서 본인 할 말만 하시고 아무 말씀 안하시고 그렇게 하루를 전화와 문자 모든 연락을 안받으셨어요.그래서 다음 날 집 근처 아무 부동산이나 가서 조언을 구하는 과정에 같은 건물에 집주인 명의로 된 호수가 있다는걸 알고 그 분께 찾아서 사정을 구하고 집주인분과 연락을 닿았습니다. 집주인 분의 말은 새로운 세입자가 구해져야 보증금을 돌려주겠다.새로운 세입자가 안들어와도 1월15일인 돌려주겠다.하..무슨 말같지도 않은..그래서 저희가 부동산에 집을 내놓겠다 얼마에 내놔야하냐 하니 2억3천이라는 터무니 없는 금액을 말씀하시는거에요저는 1억8천 25에 들어왔는데.. 그렇게 결국 2억20으로 말을 끝내고 부동산 여러군데에 내놓은 결과 연락은 오는데이 집이 근저당이 1억8천이 있고 요즘 깡통전세 말도 많이 나오고 절대 안구해질거같습니다..저는 지금 신혼집으로 들어갈 아파트를 이 집 들어올때 버팀목을 받아 연장시켜서 계약시켜놓은 상태이고이 집은 나가야하고..10월5일 이사 날짜는 다가오고 보증보험은 제가 이사 할 때 의무가 아니여서 들어있지도 않고 확인을 잘 안한 제 잘못이 너무 크네요..이사하고 전입신고도 해야하는데 집주인은 배째라고 하고근저당이 껴있어서 부동산들도 집 안나갈거같다고 하고전세금도 안내려주고..계약서엔 계약이 끝나거나 해지 또는 해지돼어 임차인이 인대사업자에게 주택은 명도함과 동시에 반환 한다는 조항도 있는데 이 조항은 법적 효력이 없나봅니다..  내용증명 보내고 임차권명령신청하고 전입신고 해야하는 방법 밖엔 없는건가요..?집주인 말만 믿고 1월15일까지 기다려야하나요?..혹시 1월이 됐는데도 돈을 안돌려줄수도 있는거겠죠?.."
18365,2020-02,전세보증금을 못받게 생겼어요,집주인이 완전 잠수를 탄 상태입니다.가압류신청은 한 상태구요곧 결혼예정이라 신혼집도 구하기직전인데그 신혼집으로 전입신고를 해놔도 될까요?,안녕하세요. 네이버 법률과 함께 지식iN 법률상담을 진행하고 있는 송명호 변호사입니다.,전세보증금을 못받게 생겼어요_집주인이 완전 잠수를 탄 상태입니다.가압류신청은 한 상태구요곧 결혼예정이라 신혼집도 구하기직전인데그 신혼집으로 전입신고를 해놔도 될까요?
19081,2020-03,전세보증금 못받고있어요 !!,현재 원룸전세금 4200만원을 못받고있어서임차권등기명령신청하고 지급명령신청까지 했습니다.그래서 강제집행문제를 놓고 집주인과 실랑이를 벌이다가 집계약이 만료된지 약 1년만에 1600만원을 돌려받았고 나머지 2600만원을 돌려받지 못하고 있는 상태인데요 이상태에서 제가아닌 다른 세입자가 강제집행을 신청했을시 제가 법적으로 돌려받을수있는 최소금액이 얼마가 되나요? 지역은 포항입니다.,안녕하세요. 네이버 법률과 함께 지식iN 법률상담을 진행하고 있는 송명호 변호사입니다.,전세보증금 못받고있어요 !!_현재 원룸전세금 4200만원을 못받고있어서임차권등기명령신청하고 지급명령신청까지 했습니다.그래서 강제집행문제를 놓고 집주인과 실랑이를 벌이다가 집계약이 만료된지 약 1년만에 1600만원을 돌려받았고 나머지 2600만원을 돌려받지 못하고 있는 상태인데요 이상태에서 제가아닌 다른 세입자가 강제집행을 신청했을시 제가 법적으로 돌려받을수있는 최소금액이 얼마가 되나요? 지역은 포항입니다.
